day,status_changes,cards_changed
2018-06-28,1,1
2018-07-07,1,1
2018-07-08,1,1
2018-07-20,1,1
2018-07-21,1,1
2018-07-25,1,1
2018-08-02,1,1
2018-08-05,1,1
2018-08-09,1,1
2018-08-11,1,1
2018-08-23,1,1
2018-08-24,1,1
2018-08-28,1,1
2018-08-30,1,1
2018-09-03,1,1
2018-09-05,1,1
2018-09-07,1,1
2018-09-11,1,1
2018-09-12,1,1
2018-09-16,1,1
2018-09-17,1,1
2018-09-23,1,1
2018-09-28,1,1
2018-09-29,1,1
2018-10-01,2,2
2018-10-05,1,1
2018-10-10,1,1
2018-10-15,2,2
2018-10-16,1,1
2018-10-17,1,1
2018-10-22,2,2
2018-10-23,1,1
2018-10-25,2,2
2018-10-28,1,1
2018-10-29,1,1
2018-11-04,1,1
2018-11-05,1,1
2018-11-06,1,1
2018-11-07,1,1
2018-11-10,2,2
2018-11-11,3,3
2018-11-12,1,1
2018-11-13,5,5
2018-11-14,2,2
2018-11-17,2,2
2018-11-20,1,1
2018-11-21,1,1
2018-11-22,1,1
2018-11-23,2,2
2018-11-24,3,3
2018-11-26,1,1
2018-11-27,1,1
2018-11-28,5,5
2018-11-29,2,2
2018-11-30,3,3
2018-12-01,2,2
2018-12-02,1,1
2018-12-03,1,1
2018-12-06,2,2
2018-12-07,2,2
2018-12-09,1,1
2018-12-10,1,1
2018-12-11,3,3
2018-12-12,1,1
2018-12-14,2,2
2018-12-15,2,2
2018-12-16,1,1
2018-12-18,2,2
2018-12-19,1,1
2018-12-20,1,1
2018-12-21,1,1
2018-12-22,1,1
2018-12-23,2,2
2018-12-24,4,4
2018-12-25,1,1
2018-12-26,4,4
2018-12-27,2,2
2018-12-28,1,1
2018-12-29,6,6
2018-12-30,1,1
2018-12-31,1,1
2019-01-01,4,4
2019-01-02,5,5
2019-01-03,3,3
2019-01-04,2,2
2019-01-05,4,4
2019-01-06,1,1
2019-01-07,2,2
2019-01-08,3,3
2019-01-09,3,3
2019-01-10,2,2
2019-01-11,6,6
2019-01-12,2,2
2019-01-13,9,9
2019-01-14,4,4
2019-01-15,2,2
2019-01-16,4,4
2019-01-17,4,4
2019-01-18,5,5
2019-01-19,3,3
2019-01-20,5,5
2019-01-21,2,2
2019-01-22,4,4
2019-01-23,4,4
2019-01-24,5,5
2019-01-25,8,8
2019-01-26,3,3
2019-01-27,6,6
2019-01-28,8,8
2019-01-29,11,9
2019-01-30,8,8
2019-01-31,17,16
2019-02-01,12,8
