card_id,card_name,status_changes
187,Kutch-Mueller,5
137,Osinski Inc,4
143,O'Kon Group,4
147,"Boehm, West and Oberbrunner",4
189,O'Keefe Inc,4
22,"Waters, Lockman and Keebler",3
130,Hessel Group,3
152,Gerlach Inc,3
200,"Breitenberg, Waelchi and Murphy",3
2,"Jacobson, Mertz and Kiehn",2
3,"Carroll, Lindgren and Schoen",2
5,Kunde Group,2
6,Luettgen-Kling,2
7,Sanford Ltd,2
9,Waelchi-Haag,2
12,Moore Ltd,2
13,Doyle and Sons,2
14,Jaskolski-Senger,2
18,"Schoen, Streich and Wolff",2
19,Barrows-Abshire,2
21,"Weissnat, Lehner and Torp",2
24,"Okuneva, Reynolds and Buckridge",2
25,"Ernser, Schroeder and Swaniawski",2
27,Schroeder-Blanda,2
28,Robel Ltd,2
29,Legros-Morissette,2
30,"Sporer, Gislason and Abshire",2
33,"Bauch, Beahan and Nienow",2
34,"Deckow, Lindgren and Moen",2
37,Lemke-Jacobs,2
38,Leuschke Group,2
40,Prosacco Ltd,2
42,"Dibbert, Boyle and Hane",2
43,Kuphal-Rempel,2
46,Mayert and Sons,2
49,Little PLC,2
50,McLaughlin PLC,2
51,Jerde-Hackett,2
53,Leuschke Ltd,2
55,Roberts-Willms,2
56,Schowalter Inc,2
59,Collier Ltd,2
61,Shanahan-Romaguera,2
66,Beatty-Wisozk,2
67,Champlin-Bosco,2
69,"Effertz, Schamberger and Koepp",2
71,Dietrich-Ebert,2
73,Walsh-Wyman,2
74,Veum-Rowe,2
75,Kshlerin-Hilll,2
76,Hauck-Huel,2
78,Osinski Ltd,2
79,"Koelpin, Stiedemann and Ratke",2
80,Roob and Sons,2
81,Smitham-Dickinson,2
83,"Langosh, Hahn and Ullrich",2
86,Steuber-Miller,2
89,Satterfield and Sons,2
90,Olson-Jacobson,2
92,Breitenberg-Streich,2
94,"Schuppe, Mitchell and Hilll",2
95,Rutherford-Wisoky,2
96,Kuhlman-Carroll,2
101,"Moore, Daugherty and Fadel",2
102,Howell Inc,2
103,Fadel-Wilderman,2
105,Haag PLC,2
106,Waelchi-Wintheiser,2
108,"Kutch, Altenwerth and Deckow",2
109,"Heaney, Buckridge and Jast",2
111,Lehner PLC,2
113,"Ziemann, Kutch and Schiller",2
114,Dicki LLC,2
118,Casper Ltd,2
119,"Hoeger, Christiansen and Ward",2
120,Walsh Ltd,2
128,"Wisozk, Ferry and Padberg",2
133,Dickinson PLC,2
138,Berge-Ortiz,2
141,"Crona, Walter and Rutherford",2
142,Mayert-Hane,2
148,Schmitt Inc,2
149,Friesen and Sons,2
150,"Homenick, Block and Abernathy",2
157,Pagac-Hintz,2
158,"Howell, Schuppe and Keeling",2
159,"Bechtelar, Haley and Hahn",2
161,Jaskolski-McClure,2
163,"Marks, Funk and Ullrich",2
164,Lemke-Heidenreich,2
166,Ortiz-Lesch,2
168,"Powlowski, Adams and Weimann",2
169,Kutch-Nitzsche,2
170,Stracke-Adams,2
173,"Schumm, Toy and Moore",2
174,Mraz-Mills,2
175,Bauch-Strosin,2
176,Krajcik LLC,2
178,O'Kon-Hickle,2
180,"Ullrich, Blanda and Stokes",2
181,McCullough-Spencer,2
185,"Wisozk, Olson and Keebler",2
190,"Ullrich, Koepp and Ondricka",2
191,Beatty-Larson,2
192,Hirthe and Sons,2
195,Hermann PLC,2
196,"Williamson, Ratke and Weissnat",2
198,Mitchell-Schoen,2
199,Bergstrom-Bruen,2
11,Hettinger-Parker,1
16,Lang-Homenick,1
17,Price PLC,1
20,Schmeler Group,1
23,"Wehner, Morissette and Hoppe",1
26,Ledner-Hoppe,1
31,Hodkiewicz-Gutkowski,1
35,Farrell-Powlowski,1
36,"Welch, Considine and Tremblay",1
45,Schmitt-Collier,1
54,"Ledner, Schmitt and Adams",1
57,DuBuque PLC,1
60,Satterfield-Halvorson,1
62,"Huels, Hettinger and Boyer",1
65,"Rohan, Beer and Murray",1
68,"Kshlerin, Krajcik and Brown",1
77,Greenfelder-Okuneva,1
82,Walter Ltd,1
85,"Jerde, Breitenberg and Cronin",1
91,Kuhlman-Parker,1
98,Anderson-Hane,1
99,Greenfelder Inc,1
100,"Gusikowski, Lowe and Gutmann",1
104,"Ernser, O'Keefe and Rice",1
107,"Pfannerstill, Willms and Rutherford",1
112,McKenzie-Hahn,1
115,"Ondricka, Brakus and Littel",1
116,Aufderhar-Hahn,1
121,Schaefer LLC,1
123,"Ratke, Powlowski and Altenwerth",1
124,"Hand, Kautzer and Kunde",1
125,Murphy-Haley,1
126,Wuckert-Champlin,1
127,White Ltd,1
129,Bauch LLC,1
132,Leannon LLC,1
136,Ferry PLC,1
139,Jacobi PLC,1
144,"Abshire, Sipes and O'Kon",1
145,Cronin-Kulas,1
146,"Bogan, Hyatt and Robel",1
151,Christiansen Group,1
156,"Muller, Will and Kuphal",1
160,Watsica LLC,1
165,Gaylord and Sons,1
171,Torphy Ltd,1
177,"Wisoky, Murazik and Sawayn",1
179,"Moore, Blanda and Hyatt",1
182,Kihn and Sons,1
183,Cassin PLC,1
186,Lynch-Keebler,1
193,Moen and Sons,1
194,Wolff LLC,1
1,Leuschke Group,0
4,"Russel, Wilderman and Mante",0
8,Skiles-Adams,0
10,Mayert-Lesch,0
15,Corkery PLC,0
32,Stracke LLC,0
39,Flatley-Harber,0
41,Hermiston LLC,0
44,Ankunding-Miller,0
47,Goodwin-Auer,0
48,"Streich, Smith and Harris",0
52,Stanton Inc,0
58,Schiller-Bogan,0
63,"Carter, Windler and Gerhold",0
64,"Cruickshank, Pfannerstill and West",0
70,Terry LLC,0
72,"Schamberger, Terry and Jenkins",0
84,Padberg LLC,0
87,"Hettinger, Bartoletti and Aufderhar",0
88,Terry PLC,0
93,"Satterfield, Hane and Jones",0
97,Torphy Inc,0
110,"Schneider, Schuster and Robel",0
117,"Mraz, Davis and Schultz",0
122,Marvin Group,0
131,"Lynch, Halvorson and Schmitt",0
134,Hegmann Ltd,0
135,McLaughlin LLC,0
140,Feeney-Hayes,0
153,Rolfson PLC,0
154,Reichert-Rowe,0
155,Ankunding Group,0
162,Abbott LLC,0
167,Morissette-Champlin,0
172,"Ward, Parisian and O'Reilly",0
184,"Emard, Witting and DuBuque",0
188,Smitham-Kutch,0
197,"Dare, Barton and Weber",0
